
USE PharmacyDB;

-- Inserts for MedicineCategory
INSERT INTO MedicineCategory VALUES ('CT001', 'Category_1', 'Description for Category_1');
INSERT INTO MedicineCategory VALUES ('CT002', 'Category_2', 'Description for Category_2');
INSERT INTO MedicineCategory VALUES ('CT003', 'Category_3', 'Description for Category_3');
INSERT INTO MedicineCategory VALUES ('CT004', 'Category_4', 'Description for Category_4');
INSERT INTO MedicineCategory VALUES ('CT005', 'Category_5', 'Description for Category_5');

-- Inserts for Supplier
INSERT INTO Supplier VALUES ('SP001', 'Supplier_1', '04248149900', 'City_1', '[MD010, MD011]');
INSERT INTO Supplier VALUES ('SP002', 'Supplier_2', '08093179263', 'City_2', '[MD020, MD021]');
INSERT INTO Supplier VALUES ('SP003', 'Supplier_3', '09229469952', 'City_3', '[MD030, MD031]');

-- Inserts for Medicine
INSERT INTO Medicine VALUES ('MD001', 'Medicine_1', 'CT001', 'Viên nén', '500mg', 100, 16.02, '2024-05-22');
INSERT INTO Medicine VALUES ('MD002', 'Medicine_2', 'CT001', 'Viên nén', '500mg', 138, 6.43, '2024-04-05');
INSERT INTO Medicine VALUES ('MD003', 'Medicine_3', 'CT002', 'Viên nang', '500mg', 184, 6.19, '2024-07-22');
INSERT INTO Medicine VALUES ('MD004', 'Medicine_4', 'CT005', 'Tiêm', '100mg', 144, 31.52, '2024-01-07');
INSERT INTO Medicine VALUES ('MD005', 'Medicine_5', 'CT002', 'Tiêm', '250mg', 101, 12.0, '2024-12-10');
INSERT INTO Medicine VALUES ('MD006', 'Medicine_6', 'CT001', 'Viên nén', '250mg', 54, 21.15, '2024-12-18');
INSERT INTO Medicine VALUES ('MD007', 'Medicine_7', 'CT005', 'Dung dịch', '100mg', 147, 29.13, '2025-01-22');
INSERT INTO Medicine VALUES ('MD008', 'Medicine_8', 'CT001', 'Dung dịch', '500mg', 188, 44.85, '2025-01-05');
INSERT INTO Medicine VALUES ('MD009', 'Medicine_9', 'CT005', 'Viên nang', '500mg', 47, 7.06, '2024-08-21');
INSERT INTO Medicine VALUES ('MD010', 'Medicine_10', 'CT003', 'Viên nén', '100mg', 55, 22.11, '2025-04-09');
INSERT INTO Medicine VALUES ('MD011', 'Medicine_11', 'CT003', 'Viên nang', '250mg', 120, 14.43, '2024-09-30');
INSERT INTO Medicine VALUES ('MD012', 'Medicine_12', 'CT001', 'Viên nang', '500mg', 92, 12.35, '2025-01-23');
INSERT INTO Medicine VALUES ('MD013', 'Medicine_13', 'CT003', 'Viên nang', '500mg', 113, 42.93, '2024-02-27');
INSERT INTO Medicine VALUES ('MD014', 'Medicine_14', 'CT002', 'Viên nén', '250mg', 132, 17.05, '2024-08-04');
INSERT INTO Medicine VALUES ('MD015', 'Medicine_15', 'CT005', 'Dung dịch', '100mg', 197, 27.47, '2025-10-20');
INSERT INTO Medicine VALUES ('MD016', 'Medicine_16', 'CT004', 'Viên nang', '250mg', 65, 16.1, '2025-07-28');
INSERT INTO Medicine VALUES ('MD017', 'Medicine_17', 'CT005', 'Dung dịch', '500mg', 179, 24.28, '2025-08-20');
INSERT INTO Medicine VALUES ('MD018', 'Medicine_18', 'CT004', 'Dung dịch', '100mg', 65, 27.93, '2024-04-03');
INSERT INTO Medicine VALUES ('MD019', 'Medicine_19', 'CT001', 'Viên nén', '100mg', 190, 12.2, '2025-11-27');
INSERT INTO Medicine VALUES ('MD020', 'Medicine_20', 'CT004', 'Viên nén', '250mg', 127, 31.81, '2025-04-24');
INSERT INTO Medicine VALUES ('MD021', 'Medicine_21', 'CT005', 'Dung dịch', '500mg', 32, 35.61, '2024-04-27');
INSERT INTO Medicine VALUES ('MD022', 'Medicine_22', 'CT005', 'Dung dịch', '500mg', 117, 10.02, '2025-03-21');
INSERT INTO Medicine VALUES ('MD023', 'Medicine_23', 'CT002', 'Tiêm', '100mg', 97, 48.73, '2024-07-01');
INSERT INTO Medicine VALUES ('MD024', 'Medicine_24', 'CT005', 'Viên nén', '500mg', 106, 42.88, '2025-06-03');
INSERT INTO Medicine VALUES ('MD025', 'Medicine_25', 'CT005', 'Viên nang', '100mg', 125, 39.31, '2025-07-06');
INSERT INTO Medicine VALUES ('MD026', 'Medicine_26', 'CT005', 'Viên nén', '500mg', 112, 26.99, '2024-04-24');
INSERT INTO Medicine VALUES ('MD027', 'Medicine_27', 'CT003', 'Dung dịch', '100mg', 44, 15.84, '2025-08-03');
INSERT INTO Medicine VALUES ('MD028', 'Medicine_28', 'CT001', 'Viên nén', '500mg', 154, 41.72, '2025-06-29');
INSERT INTO Medicine VALUES ('MD029', 'Medicine_29', 'CT002', 'Viên nang', '500mg', 151, 47.61, '2024-06-18');
INSERT INTO Medicine VALUES ('MD030', 'Medicine_30', 'CT003', 'Tiêm', '100mg', 168, 38.99, '2025-12-07');
INSERT INTO Medicine VALUES ('MD031', 'Medicine_31', 'CT002', 'Dung dịch', '250mg', 196, 21.8, '2025-06-13');
INSERT INTO Medicine VALUES ('MD032', 'Medicine_32', 'CT004', 'Viên nén', '100mg', 87, 7.88, '2024-01-22');
INSERT INTO Medicine VALUES ('MD033', 'Medicine_33', 'CT005', 'Viên nang', '500mg', 86, 5.32, '2025-12-25');
INSERT INTO Medicine VALUES ('MD034', 'Medicine_34', 'CT001', 'Viên nang', '100mg', 38, 43.68, '2024-03-13');
INSERT INTO Medicine VALUES ('MD035', 'Medicine_35', 'CT005', 'Viên nang', '250mg', 154, 14.64, '2024-05-15');
INSERT INTO Medicine VALUES ('MD036', 'Medicine_36', 'CT005', 'Tiêm', '100mg', 151, 41.34, '2024-07-13');
INSERT INTO Medicine VALUES ('MD037', 'Medicine_37', 'CT001', 'Viên nén', '500mg', 140, 20.94, '2025-02-24');
INSERT INTO Medicine VALUES ('MD038', 'Medicine_38', 'CT004', 'Viên nén', '500mg', 197, 49.29, '2024-04-10');
INSERT INTO Medicine VALUES ('MD039', 'Medicine_39', 'CT001', 'Tiêm', '500mg', 116, 41.03, '2024-04-21');
INSERT INTO Medicine VALUES ('MD040', 'Medicine_40', 'CT002', 'Viên nang', '100mg', 167, 25.19, '2025-03-08');
INSERT INTO Medicine VALUES ('MD041', 'Medicine_41', 'CT002', 'Dung dịch', '250mg', 93, 44.35, '2024-03-18');
INSERT INTO Medicine VALUES ('MD042', 'Medicine_42', 'CT004', 'Viên nén', '100mg', 196, 49.97, '2024-01-16');
INSERT INTO Medicine VALUES ('MD043', 'Medicine_43', 'CT001', 'Viên nang', '100mg', 134, 26.85, '2024-08-06');
INSERT INTO Medicine VALUES ('MD044', 'Medicine_44', 'CT004', 'Viên nén', '100mg', 127, 5.1, '2025-02-03');
INSERT INTO Medicine VALUES ('MD045', 'Medicine_45', 'CT003', 'Tiêm', '250mg', 138, 36.35, '2025-07-23');
INSERT INTO Medicine VALUES ('MD046', 'Medicine_46', 'CT004', 'Viên nang', '100mg', 105, 14.8, '2024-02-29');
INSERT INTO Medicine VALUES ('MD047', 'Medicine_47', 'CT005', 'Viên nén', '500mg', 110, 7.57, '2025-08-21');
INSERT INTO Medicine VALUES ('MD048', 'Medicine_48', 'CT004', 'Viên nang', '100mg', 160, 8.61, '2024-07-09');
INSERT INTO Medicine VALUES ('MD049', 'Medicine_49', 'CT001', 'Viên nén', '500mg', 90, 23.17, '2025-08-06');
INSERT INTO Medicine VALUES ('MD050', 'Medicine_50', 'CT002', 'Viên nén', '500mg', 50, 23.87, '2025-08-20');
INSERT INTO Medicine VALUES ('MD051', 'Medicine_51', 'CT005', 'Dung dịch', '250mg', 82, 35.14, '2024-11-17');
INSERT INTO Medicine VALUES ('MD052', 'Medicine_52', 'CT002', 'Dung dịch', '250mg', 63, 35.23, '2024-11-03');
INSERT INTO Medicine VALUES ('MD053', 'Medicine_53', 'CT004', 'Dung dịch', '100mg', 32, 25.62, '2025-07-30');
INSERT INTO Medicine VALUES ('MD054', 'Medicine_54', 'CT001', 'Viên nén', '500mg', 84, 27.76, '2024-05-15');
INSERT INTO Medicine VALUES ('MD055', 'Medicine_55', 'CT003', 'Viên nén', '100mg', 124, 17.82, '2025-03-24');
INSERT INTO Medicine VALUES ('MD056', 'Medicine_56', 'CT005', 'Dung dịch', '500mg', 197, 28.8, '2025-11-14');
INSERT INTO Medicine VALUES ('MD057', 'Medicine_57', 'CT005', 'Dung dịch', '500mg', 56, 47.25, '2024-05-17');
INSERT INTO Medicine VALUES ('MD058', 'Medicine_58', 'CT003', 'Viên nén', '100mg', 171, 12.0, '2024-10-15');
INSERT INTO Medicine VALUES ('MD059', 'Medicine_59', 'CT005', 'Viên nang', '500mg', 117, 14.16, '2025-10-11');
INSERT INTO Medicine VALUES ('MD060', 'Medicine_60', 'CT003', 'Tiêm', '250mg', 43, 9.15, '2025-03-09');
INSERT INTO Medicine VALUES ('MD061', 'Medicine_61', 'CT003', 'Viên nén', '100mg', 115, 39.7, '2025-10-14');
INSERT INTO Medicine VALUES ('MD062', 'Medicine_62', 'CT003', 'Viên nang', '500mg', 143, 29.83, '2025-03-13');
INSERT INTO Medicine VALUES ('MD063', 'Medicine_63', 'CT005', 'Viên nén', '100mg', 49, 47.53, '2025-12-08');
INSERT INTO Medicine VALUES ('MD064', 'Medicine_64', 'CT002', 'Viên nén', '250mg', 179, 29.86, '2025-03-16');
INSERT INTO Medicine VALUES ('MD065', 'Medicine_65', 'CT002', 'Viên nén', '250mg', 123, 45.45, '2024-02-10');
INSERT INTO Medicine VALUES ('MD066', 'Medicine_66', 'CT003', 'Viên nang', '500mg', 93, 35.01, '2024-12-28');
INSERT INTO Medicine VALUES ('MD067', 'Medicine_67', 'CT005', 'Tiêm', '500mg', 69, 46.66, '2024-08-30');
INSERT INTO Medicine VALUES ('MD068', 'Medicine_68', 'CT002', 'Viên nang', '250mg', 36, 13.07, '2024-12-06');
INSERT INTO Medicine VALUES ('MD069', 'Medicine_69', 'CT004', 'Viên nang', '250mg', 70, 40.43, '2024-04-20');
INSERT INTO Medicine VALUES ('MD070', 'Medicine_70', 'CT004', 'Viên nén', '250mg', 86, 13.98, '2025-04-16');
INSERT INTO Medicine VALUES ('MD071', 'Medicine_71', 'CT003', 'Dung dịch', '100mg', 87, 6.06, '2024-07-16');
INSERT INTO Medicine VALUES ('MD072', 'Medicine_72', 'CT004', 'Dung dịch', '250mg', 47, 48.51, '2024-10-12');
INSERT INTO Medicine VALUES ('MD073', 'Medicine_73', 'CT003', 'Tiêm', '500mg', 167, 19.9, '2024-01-29');
INSERT INTO Medicine VALUES ('MD074', 'Medicine_74', 'CT001', 'Dung dịch', '100mg', 178, 48.31, '2024-09-28');
INSERT INTO Medicine VALUES ('MD075', 'Medicine_75', 'CT001', 'Viên nén', '500mg', 141, 20.56, '2024-11-17');
INSERT INTO Medicine VALUES ('MD076', 'Medicine_76', 'CT004', 'Viên nén', '250mg', 177, 13.55, '2024-02-15');
INSERT INTO Medicine VALUES ('MD077', 'Medicine_77', 'CT004', 'Viên nén', '500mg', 167, 35.91, '2025-11-17');
INSERT INTO Medicine VALUES ('MD078', 'Medicine_78', 'CT002', 'Dung dịch', '250mg', 47, 47.7, '2024-12-04');
INSERT INTO Medicine VALUES ('MD079', 'Medicine_79', 'CT005', 'Dung dịch', '500mg', 61, 37.39, '2024-11-03');
INSERT INTO Medicine VALUES ('MD080', 'Medicine_80', 'CT005', 'Dung dịch', '500mg', 134, 19.68, '2025-12-14');
INSERT INTO Medicine VALUES ('MD081', 'Medicine_81', 'CT003', 'Viên nang', '100mg', 137, 34.92, '2025-01-23');
INSERT INTO Medicine VALUES ('MD082', 'Medicine_82', 'CT002', 'Dung dịch', '250mg', 170, 42.52, '2024-11-07');
INSERT INTO Medicine VALUES ('MD083', 'Medicine_83', 'CT003', 'Viên nang', '250mg', 178, 32.3, '2024-11-25');
INSERT INTO Medicine VALUES ('MD084', 'Medicine_84', 'CT004', 'Tiêm', '250mg', 84, 28.0, '2024-06-22');
INSERT INTO Medicine VALUES ('MD085', 'Medicine_85', 'CT001', 'Dung dịch', '500mg', 199, 33.48, '2024-12-09');
INSERT INTO Medicine VALUES ('MD086', 'Medicine_86', 'CT001', 'Viên nang', '500mg', 109, 15.11, '2024-07-22');
INSERT INTO Medicine VALUES ('MD087', 'Medicine_87', 'CT002', 'Viên nén', '100mg', 92, 49.28, '2025-09-17');
INSERT INTO Medicine VALUES ('MD088', 'Medicine_88', 'CT001', 'Tiêm', '250mg', 191, 30.91, '2025-12-14');
INSERT INTO Medicine VALUES ('MD089', 'Medicine_89', 'CT004', 'Tiêm', '250mg', 92, 11.64, '2025-12-05');
INSERT INTO Medicine VALUES ('MD090', 'Medicine_90', 'CT001', 'Viên nén', '250mg', 86, 12.91, '2025-12-13');
INSERT INTO Medicine VALUES ('MD091', 'Medicine_91', 'CT005', 'Tiêm', '100mg', 172, 16.21, '2024-05-04');
INSERT INTO Medicine VALUES ('MD092', 'Medicine_92', 'CT004', 'Viên nang', '250mg', 200, 28.9, '2025-07-26');
INSERT INTO Medicine VALUES ('MD093', 'Medicine_93', 'CT005', 'Dung dịch', '250mg', 186, 41.68, '2025-05-31');
INSERT INTO Medicine VALUES ('MD094', 'Medicine_94', 'CT004', 'Tiêm', '100mg', 151, 25.25, '2024-09-10');
INSERT INTO Medicine VALUES ('MD095', 'Medicine_95', 'CT003', 'Tiêm', '500mg', 91, 17.36, '2024-03-20');
INSERT INTO Medicine VALUES ('MD096', 'Medicine_96', 'CT003', 'Viên nang', '250mg', 115, 19.39, '2025-07-07');
INSERT INTO Medicine VALUES ('MD097', 'Medicine_97', 'CT001', 'Viên nang', '100mg', 89, 22.24, '2024-06-05');
INSERT INTO Medicine VALUES ('MD098', 'Medicine_98', 'CT002', 'Viên nén', '250mg', 134, 19.89, '2025-04-22');
INSERT INTO Medicine VALUES ('MD099', 'Medicine_99', 'CT004', 'Viên nén', '100mg', 137, 22.53, '2025-08-21');
INSERT INTO Medicine VALUES ('MD100', 'Medicine_100', 'CT001', 'Tiêm', '250mg', 31, 47.42, '2024-11-01');
INSERT INTO Medicine VALUES ('MD101', 'Medicine_101', 'CT004', 'Tiêm', '500mg', 169, 40.99, '2024-08-13');
INSERT INTO Medicine VALUES ('MD102', 'Medicine_102', 'CT004', 'Viên nang', '250mg', 141, 26.85, '2025-02-02');
INSERT INTO Medicine VALUES ('MD103', 'Medicine_103', 'CT003', 'Tiêm', '500mg', 72, 42.82, '2024-05-10');
INSERT INTO Medicine VALUES ('MD104', 'Medicine_104', 'CT005', 'Viên nén', '250mg', 181, 30.4, '2024-01-28');
INSERT INTO Medicine VALUES ('MD105', 'Medicine_105', 'CT001', 'Tiêm', '100mg', 148, 13.18, '2024-09-23');
INSERT INTO Medicine VALUES ('MD106', 'Medicine_106', 'CT004', 'Dung dịch', '100mg', 146, 19.71, '2025-01-23');
INSERT INTO Medicine VALUES ('MD107', 'Medicine_107', 'CT003', 'Tiêm', '250mg', 50, 26.16, '2025-07-06');
INSERT INTO Medicine VALUES ('MD108', 'Medicine_108', 'CT001', 'Dung dịch', '100mg', 196, 8.09, '2025-10-29');
INSERT INTO Medicine VALUES ('MD109', 'Medicine_109', 'CT001', 'Viên nén', '100mg', 81, 42.77, '2025-09-28');
INSERT INTO Medicine VALUES ('MD110', 'Medicine_110', 'CT002', 'Viên nang', '100mg', 151, 35.13, '2025-07-31');
INSERT INTO Medicine VALUES ('MD111', 'Medicine_111', 'CT002', 'Tiêm', '500mg', 95, 39.51, '2024-06-20');
INSERT INTO Medicine VALUES ('MD112', 'Medicine_112', 'CT005', 'Viên nén', '100mg', 109, 9.86, '2024-01-27');
INSERT INTO Medicine VALUES ('MD113', 'Medicine_113', 'CT003', 'Tiêm', '250mg', 80, 8.42, '2025-12-08');
INSERT INTO Medicine VALUES ('MD114', 'Medicine_114', 'CT002', 'Viên nén', '500mg', 107, 43.26, '2025-09-06');
INSERT INTO Medicine VALUES ('MD115', 'Medicine_115', 'CT001', 'Viên nén', '250mg', 166, 24.28, '2025-01-14');
INSERT INTO Medicine VALUES ('MD116', 'Medicine_116', 'CT001', 'Dung dịch', '100mg', 137, 42.0, '2024-04-18');
INSERT INTO Medicine VALUES ('MD117', 'Medicine_117', 'CT004', 'Dung dịch', '500mg', 147, 36.83, '2025-03-21');
INSERT INTO Medicine VALUES ('MD118', 'Medicine_118', 'CT002', 'Dung dịch', '500mg', 167, 39.86, '2025-04-21');
INSERT INTO Medicine VALUES ('MD119', 'Medicine_119', 'CT004', 'Dung dịch', '250mg', 92, 42.38, '2024-03-29');
INSERT INTO Medicine VALUES ('MD120', 'Medicine_120', 'CT003', 'Tiêm', '100mg', 148, 30.64, '2025-11-15');
INSERT INTO Medicine VALUES ('MD121', 'Medicine_121', 'CT004', 'Dung dịch', '100mg', 156, 43.29, '2024-07-05');
INSERT INTO Medicine VALUES ('MD122', 'Medicine_122', 'CT004', 'Viên nang', '250mg', 96, 20.32, '2025-09-02');
INSERT INTO Medicine VALUES ('MD123', 'Medicine_123', 'CT003', 'Viên nén', '500mg', 78, 8.85, '2025-02-20');
INSERT INTO Medicine VALUES ('MD124', 'Medicine_124', 'CT004', 'Viên nang', '500mg', 151, 34.07, '2025-05-17');
INSERT INTO Medicine VALUES ('MD125', 'Medicine_125', 'CT004', 'Viên nén', '100mg', 105, 14.97, '2025-12-09');
INSERT INTO Medicine VALUES ('MD126', 'Medicine_126', 'CT002', 'Dung dịch', '500mg', 178, 21.61, '2025-07-20');
INSERT INTO Medicine VALUES ('MD127', 'Medicine_127', 'CT005', 'Dung dịch', '250mg', 170, 19.89, '2025-12-20');
INSERT INTO Medicine VALUES ('MD128', 'Medicine_128', 'CT004', 'Dung dịch', '250mg', 94, 15.37, '2024-07-16');
INSERT INTO Medicine VALUES ('MD129', 'Medicine_129', 'CT003', 'Viên nén', '500mg', 167, 47.79, '2025-12-07');
INSERT INTO Medicine VALUES ('MD130', 'Medicine_130', 'CT002', 'Viên nang', '100mg', 153, 17.44, '2025-08-26');
INSERT INTO Medicine VALUES ('MD131', 'Medicine_131', 'CT005', 'Dung dịch', '100mg', 79, 18.33, '2025-01-04');
INSERT INTO Medicine VALUES ('MD132', 'Medicine_132', 'CT002', 'Dung dịch', '100mg', 166, 10.7, '2024-02-16');
INSERT INTO Medicine VALUES ('MD133', 'Medicine_133', 'CT001', 'Dung dịch', '500mg', 62, 33.7, '2025-05-17');
INSERT INTO Medicine VALUES ('MD134', 'Medicine_134', 'CT001', 'Viên nén', '500mg', 102, 26.12, '2025-03-27');
INSERT INTO Medicine VALUES ('MD135', 'Medicine_135', 'CT003', 'Viên nang', '100mg', 94, 47.35, '2025-05-04');
INSERT INTO Medicine VALUES ('MD136', 'Medicine_136', 'CT001', 'Viên nén', '250mg', 155, 8.33, '2025-10-06');
INSERT INTO Medicine VALUES ('MD137', 'Medicine_137', 'CT001', 'Viên nang', '100mg', 174, 47.71, '2024-03-28');
INSERT INTO Medicine VALUES ('MD138', 'Medicine_138', 'CT002', 'Viên nén', '500mg', 136, 32.28, '2025-09-25');
INSERT INTO Medicine VALUES ('MD139', 'Medicine_139', 'CT002', 'Tiêm', '250mg', 143, 18.38, '2025-08-25');
INSERT INTO Medicine VALUES ('MD140', 'Medicine_140', 'CT004', 'Dung dịch', '500mg', 188, 7.71, '2024-04-11');
INSERT INTO Medicine VALUES ('MD141', 'Medicine_141', 'CT002', 'Viên nang', '250mg', 199, 8.65, '2024-09-02');
INSERT INTO Medicine VALUES ('MD142', 'Medicine_142', 'CT002', 'Viên nén', '100mg', 30, 23.38, '2025-12-06');
INSERT INTO Medicine VALUES ('MD143', 'Medicine_143', 'CT005', 'Tiêm', '250mg', 38, 15.42, '2025-12-24');
INSERT INTO Medicine VALUES ('MD144', 'Medicine_144', 'CT003', 'Tiêm', '100mg', 89, 46.58, '2025-10-02');
INSERT INTO Medicine VALUES ('MD145', 'Medicine_145', 'CT005', 'Viên nang', '250mg', 59, 29.51, '2025-10-25');
INSERT INTO Medicine VALUES ('MD146', 'Medicine_146', 'CT002', 'Dung dịch', '100mg', 48, 7.68, '2024-11-10');
INSERT INTO Medicine VALUES ('MD147', 'Medicine_147', 'CT005', 'Dung dịch', '250mg', 61, 26.09, '2024-11-07');
INSERT INTO Medicine VALUES ('MD148', 'Medicine_148', 'CT004', 'Dung dịch', '500mg', 168, 27.22, '2024-03-23');
INSERT INTO Medicine VALUES ('MD149', 'Medicine_149', 'CT005', 'Viên nén', '250mg', 112, 32.17, '2024-01-27');
INSERT INTO Medicine VALUES ('MD150', 'Medicine_150', 'CT001', 'Viên nang', '500mg', 177, 31.42, '2024-01-22');

-- Inserts for Customer
INSERT INTO Customer VALUES ('CU001', 'Customer_1', '07808938880', 'Address_1', '2000-12-12');
INSERT INTO Customer VALUES ('CU002', 'Customer_2', '08792122716', 'Address_2', '1952-03-08');
INSERT INTO Customer VALUES ('CU003', 'Customer_3', '07313646580', 'Address_3', '1980-08-19');
INSERT INTO Customer VALUES ('CU004', 'Customer_4', '06726515966', 'Address_4', '2004-02-13');
INSERT INTO Customer VALUES ('CU005', 'Customer_5', '05985704790', 'Address_5', '1980-12-05');
INSERT INTO Customer VALUES ('CU006', 'Customer_6', '08274273035', 'Address_6', '1969-11-09');
INSERT INTO Customer VALUES ('CU007', 'Customer_7', '05452580287', 'Address_7', '1951-11-25');
INSERT INTO Customer VALUES ('CU008', 'Customer_8', '06645808194', 'Address_8', '1973-01-01');
INSERT INTO Customer VALUES ('CU009', 'Customer_9', '08613035386', 'Address_9', '2021-08-05');
INSERT INTO Customer VALUES ('CU010', 'Customer_10', '05243939720', 'Address_10', '2003-01-01');
INSERT INTO Customer VALUES ('CU011', 'Customer_11', '07279140605', 'Address_11', '1948-11-11');
INSERT INTO Customer VALUES ('CU012', 'Customer_12', '08543865915', 'Address_12', '2000-02-09');
INSERT INTO Customer VALUES ('CU013', 'Customer_13', '01221670908', 'Address_13', '1967-12-16');
INSERT INTO Customer VALUES ('CU014', 'Customer_14', '03358880404', 'Address_14', '1969-11-03');
INSERT INTO Customer VALUES ('CU015', 'Customer_15', '08293928340', 'Address_15', '1954-11-22');
INSERT INTO Customer VALUES ('CU016', 'Customer_16', '04433026356', 'Address_16', '2007-09-05');
INSERT INTO Customer VALUES ('CU017', 'Customer_17', '05975196341', 'Address_17', '1993-06-01');
INSERT INTO Customer VALUES ('CU018', 'Customer_18', '09648665968', 'Address_18', '1980-08-08');
INSERT INTO Customer VALUES ('CU019', 'Customer_19', '01400330495', 'Address_19', '2019-06-27');
INSERT INTO Customer VALUES ('CU020', 'Customer_20', '04921003983', 'Address_20', '1985-05-25');
INSERT INTO Customer VALUES ('CU021', 'Customer_21', '05067594934', 'Address_21', '2002-02-09');
INSERT INTO Customer VALUES ('CU022', 'Customer_22', '04574027737', 'Address_22', '1988-09-16');
INSERT INTO Customer VALUES ('CU023', 'Customer_23', '08324687182', 'Address_23', '1981-04-10');
INSERT INTO Customer VALUES ('CU024', 'Customer_24', '08880079328', 'Address_24', '1986-05-13');
INSERT INTO Customer VALUES ('CU025', 'Customer_25', '06341783555', 'Address_25', '1993-06-15');
INSERT INTO Customer VALUES ('CU026', 'Customer_26', '05916199809', 'Address_26', '1961-02-05');
INSERT INTO Customer VALUES ('CU027', 'Customer_27', '04776677517', 'Address_27', '2021-07-07');
INSERT INTO Customer VALUES ('CU028', 'Customer_28', '05594799319', 'Address_28', '2013-04-27');
INSERT INTO Customer VALUES ('CU029', 'Customer_29', '07077131430', 'Address_29', '2014-09-01');
INSERT INTO Customer VALUES ('CU030', 'Customer_30', '07475684019', 'Address_30', '2017-08-12');
INSERT INTO Customer VALUES ('CU031', 'Customer_31', '05305985001', 'Address_31', '2009-02-19');
INSERT INTO Customer VALUES ('CU032', 'Customer_32', '05933179746', 'Address_32', '1992-04-26');
INSERT INTO Customer VALUES ('CU033', 'Customer_33', '07375197714', 'Address_33', '1973-10-28');
INSERT INTO Customer VALUES ('CU034', 'Customer_34', '07628981661', 'Address_34', '1984-11-06');
INSERT INTO Customer VALUES ('CU035', 'Customer_35', '09301537234', 'Address_35', '2022-01-06');
INSERT INTO Customer VALUES ('CU036', 'Customer_36', '03995732958', 'Address_36', '1995-04-19');
INSERT INTO Customer VALUES ('CU037', 'Customer_37', '02644847276', 'Address_37', '2020-10-17');
INSERT INTO Customer VALUES ('CU038', 'Customer_38', '08625905455', 'Address_38', '1947-12-01');
INSERT INTO Customer VALUES ('CU039', 'Customer_39', '06932342612', 'Address_39', '2003-07-17');
INSERT INTO Customer VALUES ('CU040', 'Customer_40', '05948254671', 'Address_40', '1947-04-28');
INSERT INTO Customer VALUES ('CU041', 'Customer_41', '08924383984', 'Address_41', '1952-12-11');
INSERT INTO Customer VALUES ('CU042', 'Customer_42', '02962491159', 'Address_42', '2008-10-24');
INSERT INTO Customer VALUES ('CU043', 'Customer_43', '05914110094', 'Address_43', '2022-02-18');
INSERT INTO Customer VALUES ('CU044', 'Customer_44', '01662976399', 'Address_44', '1986-02-13');
INSERT INTO Customer VALUES ('CU045', 'Customer_45', '06433231472', 'Address_45', '1999-11-30');
INSERT INTO Customer VALUES ('CU046', 'Customer_46', '08270110908', 'Address_46', '2002-04-19');
INSERT INTO Customer VALUES ('CU047', 'Customer_47', '07586857685', 'Address_47', '1972-05-29');
INSERT INTO Customer VALUES ('CU048', 'Customer_48', '03323646093', 'Address_48', '1999-05-24');
INSERT INTO Customer VALUES ('CU049', 'Customer_49', '01293864877', 'Address_49', '2000-08-15');
INSERT INTO Customer VALUES ('CU050', 'Customer_50', '05683143581', 'Address_50', '1952-10-30');

-- Inserts for Employee
INSERT INTO Employee VALUES ('EM001', 'Employee_1', 'Nhân viên kho', '05726642606', '2019-12-07', 9906, '1965-04-19');
INSERT INTO Employee VALUES ('EM002', 'Employee_2', 'Nhân viên bán hàng', '05535997538', '2021-01-04', 11141, '1983-04-27');
INSERT INTO Employee VALUES ('EM003', 'Employee_3', 'Nhân viên bán hàng', '01773338452', '2019-12-25', 6293, '1991-05-04');
INSERT INTO Employee VALUES ('EM004', 'Employee_4', 'Quản lý', '06329323383', '2022-04-09', 7344, '1974-06-01');
INSERT INTO Employee VALUES ('EM005', 'Employee_5', 'Quản lý', '08034746821', '2021-07-30', 9183, '1993-11-29');

-- Inserts for Sales
INSERT INTO Sales VALUES ('SL001', 'MD003', 'CU030', 10, '2024-07-13', 95.83);
INSERT INTO Sales VALUES ('SL002', 'MD114', 'CU023', 19, '2023-11-03', 326.69);
INSERT INTO Sales VALUES ('SL003', 'MD109', 'CU045', 9, '2024-04-12', 425.75);
INSERT INTO Sales VALUES ('SL004', 'MD051', 'CU025', 16, '2023-04-20', 133.86);
INSERT INTO Sales VALUES ('SL005', 'MD147', 'CU023', 19, '2023-10-30', 496.49);
INSERT INTO Sales VALUES ('SL006', 'MD076', 'CU002', 13, '2023-10-09', 23.89);
INSERT INTO Sales VALUES ('SL007', 'MD013', 'CU039', 16, '2023-10-21', 392.36);
INSERT INTO Sales VALUES ('SL008', 'MD059', 'CU039', 12, '2023-08-13', 325.58);
INSERT INTO Sales VALUES ('SL009', 'MD065', 'CU044', 5, '2024-10-05', 66.64);
INSERT INTO Sales VALUES ('SL010', 'MD011', 'CU020', 15, '2023-02-04', 298.2);
INSERT INTO Sales VALUES ('SL011', 'MD034', 'CU006', 10, '2023-12-01', 378.79);
INSERT INTO Sales VALUES ('SL012', 'MD045', 'CU013', 5, '2024-07-06', 440.7);
INSERT INTO Sales VALUES ('SL013', 'MD094', 'CU034', 17, '2023-10-07', 418.63);
INSERT INTO Sales VALUES ('SL014', 'MD066', 'CU031', 10, '2023-12-13', 406.03);
INSERT INTO Sales VALUES ('SL015', 'MD120', 'CU005', 5, '2023-08-20', 432.87);
INSERT INTO Sales VALUES ('SL016', 'MD102', 'CU036', 12, '2023-04-03', 399.53);
INSERT INTO Sales VALUES ('SL017', 'MD004', 'CU017', 18, '2023-05-07', 238.3);
INSERT INTO Sales VALUES ('SL018', 'MD068', 'CU038', 13, '2024-10-15', 471.34);
INSERT INTO Sales VALUES ('SL019', 'MD028', 'CU044', 8, '2024-04-27', 32.01);
INSERT INTO Sales VALUES ('SL020', 'MD144', 'CU021', 20, '2023-08-15', 330.87);
INSERT INTO Sales VALUES ('SL021', 'MD119', 'CU045', 10, '2024-10-26', 215.98);
INSERT INTO Sales VALUES ('SL022', 'MD036', 'CU003', 2, '2023-11-08', 498.05);
INSERT INTO Sales VALUES ('SL023', 'MD030', 'CU007', 8, '2024-07-04', 85.12);
INSERT INTO Sales VALUES ('SL024', 'MD117', 'CU024', 18, '2024-03-05', 301.92);
INSERT INTO Sales VALUES ('SL025', 'MD040', 'CU027', 4, '2024-05-16', 315.51);
INSERT INTO Sales VALUES ('SL026', 'MD072', 'CU003', 12, '2023-08-11', 232.82);
INSERT INTO Sales VALUES ('SL027', 'MD061', 'CU024', 4, '2024-01-12', 281.34);
INSERT INTO Sales VALUES ('SL028', 'MD092', 'CU004', 13, '2023-10-10', 111.11);
INSERT INTO Sales VALUES ('SL029', 'MD032', 'CU030', 3, '2023-08-06', 328.02);
INSERT INTO Sales VALUES ('SL030', 'MD006', 'CU004', 11, '2023-09-07', 494.63);
INSERT INTO Sales VALUES ('SL031', 'MD145', 'CU014', 3, '2024-07-21', 119.44);
INSERT INTO Sales VALUES ('SL032', 'MD056', 'CU015', 11, '2023-06-01', 398.55);
INSERT INTO Sales VALUES ('SL033', 'MD001', 'CU018', 5, '2023-05-14', 279.3);
INSERT INTO Sales VALUES ('SL034', 'MD045', 'CU008', 1, '2023-05-15', 27.13);
INSERT INTO Sales VALUES ('SL035', 'MD061', 'CU038', 11, '2023-01-17', 103.64);
INSERT INTO Sales VALUES ('SL036', 'MD014', 'CU009', 14, '2024-06-22', 74.55);
INSERT INTO Sales VALUES ('SL037', 'MD017', 'CU031', 15, '2024-01-06', 266.35);
INSERT INTO Sales VALUES ('SL038', 'MD028', 'CU029', 17, '2023-08-15', 473.8);
INSERT INTO Sales VALUES ('SL039', 'MD012', 'CU047', 17, '2023-11-05', 239.86);
INSERT INTO Sales VALUES ('SL040', 'MD008', 'CU004', 16, '2024-02-16', 224.61);
INSERT INTO Sales VALUES ('SL041', 'MD028', 'CU032', 15, '2023-03-17', 451.65);
INSERT INTO Sales VALUES ('SL042', 'MD083', 'CU039', 5, '2023-03-09', 80.57);
INSERT INTO Sales VALUES ('SL043', 'MD150', 'CU036', 11, '2024-01-26', 497.42);
INSERT INTO Sales VALUES ('SL044', 'MD136', 'CU019', 15, '2024-06-01', 310.6);
INSERT INTO Sales VALUES ('SL045', 'MD026', 'CU045', 4, '2024-11-01', 332.44);
INSERT INTO Sales VALUES ('SL046', 'MD142', 'CU047', 7, '2024-03-16', 236.75);
INSERT INTO Sales VALUES ('SL047', 'MD059', 'CU027', 11, '2024-04-09', 211.39);
INSERT INTO Sales VALUES ('SL048', 'MD025', 'CU021', 14, '2023-11-17', 339.25);
INSERT INTO Sales VALUES ('SL049', 'MD096', 'CU010', 16, '2023-03-10', 63.79);
INSERT INTO Sales VALUES ('SL050', 'MD022', 'CU006', 14, '2023-04-09', 377.4);
INSERT INTO Sales VALUES ('SL051', 'MD096', 'CU009', 18, '2023-03-03', 301.5);
INSERT INTO Sales VALUES ('SL052', 'MD144', 'CU036', 11, '2023-05-06', 217.19);
INSERT INTO Sales VALUES ('SL053', 'MD109', 'CU047', 2, '2023-10-22', 308.2);
INSERT INTO Sales VALUES ('SL054', 'MD091', 'CU007', 19, '2024-06-03', 122.11);
INSERT INTO Sales VALUES ('SL055', 'MD124', 'CU015', 4, '2023-12-25', 425.78);
INSERT INTO Sales VALUES ('SL056', 'MD095', 'CU008', 9, '2024-08-10', 128.56);
INSERT INTO Sales VALUES ('SL057', 'MD110', 'CU036', 20, '2024-09-20', 343.99);
INSERT INTO Sales VALUES ('SL058', 'MD143', 'CU002', 20, '2023-10-01', 33.9);
INSERT INTO Sales VALUES ('SL059', 'MD070', 'CU045', 10, '2023-12-14', 188.49);
INSERT INTO Sales VALUES ('SL060', 'MD047', 'CU010', 19, '2024-02-15', 53.4);
INSERT INTO Sales VALUES ('SL061', 'MD008', 'CU006', 17, '2023-08-09', 200.57);
INSERT INTO Sales VALUES ('SL062', 'MD117', 'CU022', 6, '2024-01-14', 169.59);
INSERT INTO Sales VALUES ('SL063', 'MD084', 'CU050', 19, '2024-09-02', 60.78);
INSERT INTO Sales VALUES ('SL064', 'MD014', 'CU010', 6, '2024-09-24', 43.89);
INSERT INTO Sales VALUES ('SL065', 'MD021', 'CU018', 15, '2024-03-10', 253.12);
INSERT INTO Sales VALUES ('SL066', 'MD114', 'CU027', 9, '2023-08-09', 382.37);
INSERT INTO Sales VALUES ('SL067', 'MD030', 'CU023', 14, '2023-04-24', 155.96);
INSERT INTO Sales VALUES ('SL068', 'MD125', 'CU034', 10, '2023-02-16', 125.85);
INSERT INTO Sales VALUES ('SL069', 'MD015', 'CU001', 7, '2023-11-05', 473.76);
INSERT INTO Sales VALUES ('SL070', 'MD036', 'CU049', 9, '2023-10-24', 177.5);
INSERT INTO Sales VALUES ('SL071', 'MD002', 'CU032', 14, '2023-06-29', 82.01);
INSERT INTO Sales VALUES ('SL072', 'MD137', 'CU046', 8, '2024-05-27', 288.19);
INSERT INTO Sales VALUES ('SL073', 'MD091', 'CU005', 13, '2023-02-13', 229.39);
INSERT INTO Sales VALUES ('SL074', 'MD118', 'CU005', 11, '2024-08-12', 226.06);
INSERT INTO Sales VALUES ('SL075', 'MD104', 'CU046', 14, '2023-10-24', 75.28);
INSERT INTO Sales VALUES ('SL076', 'MD006', 'CU021', 6, '2024-09-24', 240.85);
INSERT INTO Sales VALUES ('SL077', 'MD093', 'CU006', 14, '2023-04-19', 136.79);
INSERT INTO Sales VALUES ('SL078', 'MD103', 'CU034', 3, '2024-02-10', 437.85);
INSERT INTO Sales VALUES ('SL079', 'MD087', 'CU015', 11, '2023-06-22', 56.66);
INSERT INTO Sales VALUES ('SL080', 'MD030', 'CU034', 17, '2023-07-18', 454.84);

-- Inserts for Prescription
INSERT INTO Prescription VALUES ('PR001', 'CU023', 'Doctor_12', '2024-10-22', 'Take after meals');
INSERT INTO Prescription VALUES ('PR002', 'CU016', 'Doctor_4', '2023-05-30', 'Take before bed');
INSERT INTO Prescription VALUES ('PR003', 'CU013', 'Doctor_6', '2024-09-08', 'Take after meals');
INSERT INTO Prescription VALUES ('PR004', 'CU049', 'Doctor_3', '2023-07-01', 'Use as directed');
INSERT INTO Prescription VALUES ('PR005', 'CU032', 'Doctor_15', '2024-07-31', 'Use as directed');
INSERT INTO Prescription VALUES ('PR006', 'CU029', 'Doctor_19', '2024-10-20', 'Use as directed');
INSERT INTO Prescription VALUES ('PR007', 'CU040', 'Doctor_11', '2024-10-04', 'Take before bed');
INSERT INTO Prescription VALUES ('PR008', 'CU010', 'Doctor_15', '2023-03-11', 'Take before bed');
INSERT INTO Prescription VALUES ('PR009', 'CU029', 'Doctor_10', '2023-10-09', 'Use as directed');
INSERT INTO Prescription VALUES ('PR010', 'CU004', 'Doctor_12', '2024-06-03', 'Take after meals');
INSERT INTO Prescription VALUES ('PR011', 'CU020', 'Doctor_15', '2024-04-07', 'Take after meals');
INSERT INTO Prescription VALUES ('PR012', 'CU004', 'Doctor_12', '2023-10-21', 'Take after meals');
INSERT INTO Prescription VALUES ('PR013', 'CU042', 'Doctor_3', '2024-09-21', 'Use as directed');
INSERT INTO Prescription VALUES ('PR014', 'CU033', 'Doctor_13', '2024-04-18', 'Use as directed');
INSERT INTO Prescription VALUES ('PR015', 'CU036', 'Doctor_2', '2024-04-05', 'Use as directed');
INSERT INTO Prescription VALUES ('PR016', 'CU042', 'Doctor_7', '2023-11-26', 'Use as directed');
INSERT INTO Prescription VALUES ('PR017', 'CU031', 'Doctor_17', '2023-06-04', 'Take after meals');
INSERT INTO Prescription VALUES ('PR018', 'CU029', 'Doctor_4', '2023-12-18', 'Use as directed');
INSERT INTO Prescription VALUES ('PR019', 'CU006', 'Doctor_17', '2024-10-23', 'Take after meals');
INSERT INTO Prescription VALUES ('PR020', 'CU003', 'Doctor_8', '2024-03-24', 'Take before bed');
INSERT INTO Prescription VALUES ('PR021', 'CU034', 'Doctor_17', '2024-09-16', 'Take after meals');
INSERT INTO Prescription VALUES ('PR022', 'CU024', 'Doctor_12', '2023-10-17', 'Take before bed');
INSERT INTO Prescription VALUES ('PR023', 'CU027', 'Doctor_11', '2024-09-04', 'Take after meals');
INSERT INTO Prescription VALUES ('PR024', 'CU041', 'Doctor_11', '2023-03-09', 'Take before bed');
INSERT INTO Prescription VALUES ('PR025', 'CU007', 'Doctor_18', '2024-01-31', 'Take before bed');
INSERT INTO Prescription VALUES ('PR026', 'CU017', 'Doctor_20', '2023-06-03', 'Take before bed');
INSERT INTO Prescription VALUES ('PR027', 'CU006', 'Doctor_19', '2023-05-25', 'Take before bed');
INSERT INTO Prescription VALUES ('PR028', 'CU020', 'Doctor_13', '2023-05-13', 'Use as directed');
INSERT INTO Prescription VALUES ('PR029', 'CU046', 'Doctor_3', '2023-11-14', 'Use as directed');
INSERT INTO Prescription VALUES ('PR030', 'CU025', 'Doctor_11', '2023-05-11', 'Use as directed');
INSERT INTO Prescription VALUES ('PR031', 'CU045', 'Doctor_17', '2023-04-06', 'Use as directed');
INSERT INTO Prescription VALUES ('PR032', 'CU043', 'Doctor_14', '2024-06-04', 'Take before bed');
INSERT INTO Prescription VALUES ('PR033', 'CU002', 'Doctor_12', '2023-11-13', 'Take after meals');
INSERT INTO Prescription VALUES ('PR034', 'CU014', 'Doctor_11', '2024-05-12', 'Take after meals');
INSERT INTO Prescription VALUES ('PR035', 'CU015', 'Doctor_5', '2023-06-08', 'Take after meals');
INSERT INTO Prescription VALUES ('PR036', 'CU019', 'Doctor_4', '2024-06-03', 'Use as directed');
INSERT INTO Prescription VALUES ('PR037', 'CU048', 'Doctor_17', '2023-02-08', 'Use as directed');
INSERT INTO Prescription VALUES ('PR038', 'CU022', 'Doctor_20', '2023-05-15', 'Use as directed');
INSERT INTO Prescription VALUES ('PR039', 'CU025', 'Doctor_5', '2023-06-16', 'Take after meals');
INSERT INTO Prescription VALUES ('PR040', 'CU045', 'Doctor_20', '2023-06-19', 'Use as directed');

-- Inserts for SupplierMedicine
INSERT INTO SupplierMedicine VALUES ('SM001', 'SP002', 'MD012', 26.43, '2023-09-01');
INSERT INTO SupplierMedicine VALUES ('SM002', 'SP002', 'MD073', 40.1, '2024-04-04');
INSERT INTO SupplierMedicine VALUES ('SM003', 'SP001', 'MD137', 19.57, '2024-04-25');
INSERT INTO SupplierMedicine VALUES ('SM004', 'SP001', 'MD095', 37.13, '2024-08-07');
INSERT INTO SupplierMedicine VALUES ('SM005', 'SP002', 'MD119', 40.78, '2024-01-27');
INSERT INTO SupplierMedicine VALUES ('SM006', 'SP003', 'MD136', 26.75, '2023-06-15');
INSERT INTO SupplierMedicine VALUES ('SM007', 'SP001', 'MD036', 44.92, '2023-02-23');
INSERT INTO SupplierMedicine VALUES ('SM008', 'SP003', 'MD124', 44.96, '2024-07-21');
INSERT INTO SupplierMedicine VALUES ('SM009', 'SP001', 'MD133', 44.05, '2023-10-19');
INSERT INTO SupplierMedicine VALUES ('SM010', 'SP001', 'MD042', 20.91, '2024-06-09');

-- Inserts for Inventory
INSERT INTO Inventory VALUES ('IN001', 'MD038', 131, '2024-02-16');
INSERT INTO Inventory VALUES ('IN002', 'MD057', 135, '2024-06-27');
INSERT INTO Inventory VALUES ('IN003', 'MD007', 126, '2024-01-28');
INSERT INTO Inventory VALUES ('IN004', 'MD102', 148, '2024-07-10');
INSERT INTO Inventory VALUES ('IN005', 'MD061', 118, '2024-02-11');
INSERT INTO Inventory VALUES ('IN006', 'MD096', 77, '2024-01-15');
INSERT INTO Inventory VALUES ('IN007', 'MD082', 45, '2024-06-20');
INSERT INTO Inventory VALUES ('IN008', 'MD038', 55, '2024-01-20');
INSERT INTO Inventory VALUES ('IN009', 'MD074', 140, '2024-03-12');
INSERT INTO Inventory VALUES ('IN010', 'MD121', 134, '2024-01-03');
